Term,Course,Tot Enrl,A+,A,A-,B+,B,B-,C+,C,C-,D+,D,D-,F,I,IP,NP,W,WF,WP,Female,Male
1148,MATH227,35,0,10,0,2,3,2,0,13,0,0,1,0,4,0,0,0,0,0,0,5,30
1151,MATH227,25,0,3,0,0,2,3,2,1,5,0,4,0,3,0,0,0,2,0,0,5,20
1151,MATH227,23,0,3,0,1,3,2,5,1,2,0,3,0,1,0,0,0,2,0,0,3,20
1158,MATH227,16,0,1,4,5,2,0,1,0,2,1,0,0,0,0,0,0,0,0,0,0,16
1158,MATH227,22,0,2,0,2,3,0,4,4,1,0,0,0,0,0,0,0,5,1,0,1,21
1161,MATH227,26,0,2,0,1,1,3,2,6,2,1,0,0,2,0,0,0,6,0,0,5,21
1161,MATH227,27,0,3,0,2,0,3,6,4,4,1,0,0,0,0,0,0,4,0,0,7,20
1171,MATH227,21,0,2,1,2,1,1,2,2,1,0,3,0,3,0,0,0,3,0,0,2,19
1171,MATH227,23,0,2,1,1,2,2,1,4,4,2,2,0,2,0,0,0,0,0,0,1,22
1178,MATH227,19,0,3,0,0,1,3,8,0,0,0,0,0,0,0,0,0,3,0,1,7,12
1178,MATH227,14,0,3,0,0,2,1,1,2,0,0,0,0,2,0,0,0,3,0,0,2,12
1181,MATH227,18,0,0,0,1,3,0,3,6,0,2,1,0,1,0,0,0,1,0,0,2,16
1181,MATH227,27,0,0,1,3,1,1,1,7,3,0,1,0,4,0,0,0,5,0,0,4,23
1148,MATH231,32,0,1,1,1,2,4,5,10,4,0,2,1,0,0,0,0,1,0,0,12,20
1148,MATH231,31,0,3,1,4,4,5,1,2,2,1,1,1,1,0,0,0,4,1,0,12,19
1148,MATH231,31,0,6,4,4,0,9,1,0,3,0,0,1,0,0,0,0,3,0,0,13,18
1148,MATH231,31,0,7,0,3,3,4,7,1,3,0,0,2,1,0,0,0,0,0,0,16,15
1148,MATH231,28,0,1,1,0,2,3,3,6,6,0,1,0,3,0,0,0,1,0,1,10,18
1148,MATH231,30,0,2,3,0,0,4,7,5,4,0,1,0,4,0,0,0,0,0,0,16,14
1148,MATH231,31,0,2,1,0,12,2,3,6,1,1,2,0,0,0,0,0,1,0,0,13,18
1148,MATH231,31,0,4,2,0,13,1,6,4,1,0,0,0,0,0,0,0,0,0,0,12,19
1148,MATH231,32,0,3,0,0,11,1,2,5,0,0,4,0,4,0,0,0,1,1,0,22,10
1148,MATH231,32,0,4,1,6,1,4,5,3,1,0,1,0,4,0,0,0,2,0,0,13,19
1148,MATH231,33,0,5,3,3,4,5,3,0,3,0,3,0,2,0,0,0,2,0,0,24,9
1148,MATH231,33,0,6,1,6,3,3,5,3,0,1,0,0,2,0,0,0,3,0,0,22,11
1151,MATH231,33,0,6,4,5,2,3,3,1,2,3,0,0,1,0,0,0,3,0,0,13,20
1151,MATH231,35,0,6,5,6,1,3,4,2,1,2,2,0,1,0,0,0,2,0,0,12,23
1151,MATH231,32,0,1,1,1,5,10,1,6,1,2,0,0,1,0,0,0,1,2,0,13,19
1151,MATH231,34,0,1,3,1,4,4,5,6,3,0,3,0,4,0,0,0,0,0,0,17,17
1151,MATH231,33,0,6,4,5,2,3,3,1,2,3,0,0,1,0,0,0,3,0,0,13,20
1151,MATH231,35,0,6,5,6,1,3,4,2,1,2,2,0,1,0,0,0,2,0,0,12,23
1155,MATH231,13,0,4,1,1,3,0,1,2,0,0,0,1,0,0,0,0,0,0,0,2,11
1158,MATH231,29,0,1,7,6,2,7,1,1,2,0,0,0,0,0,0,0,1,1,0,13,16
1158,MATH231,34,0,4,2,3,5,3,3,7,2,1,2,0,2,0,0,0,0,0,0,19,15
1158,MATH231,33,0,2,2,1,7,7,1,4,4,0,1,0,2,0,0,0,2,0,0,20,13
1158,MATH231,35,0,0,1,0,5,0,2,7,1,0,3,0,12,0,0,0,4,0,0,19,16
1158,MATH231,33,0,3,1,0,5,0,0,9,0,0,8,0,7,0,0,0,0,0,0,8,25
1158,MATH231,33,0,2,0,2,2,5,3,4,3,1,2,1,2,0,0,0,5,1,0,17,16
1158,MATH231,34,0,3,3,6,4,3,3,3,0,2,0,3,1,0,0,0,1,2,0,17,17
1158,MATH231,34,0,2,2,3,2,3,2,5,3,2,0,0,3,0,0,0,7,0,0,13,21
1158,MATH231,34,0,0,2,2,4,4,0,6,2,1,4,1,2,0,0,0,6,0,0,18,16
1158,MATH231,34,0,3,1,5,6,2,0,2,0,2,4,2,3,0,0,0,4,0,0,17,17
1161,MATH231,50,0,8,14,5,1,8,2,1,3,0,0,0,4,0,0,0,3,1,0,23,27
1161,MATH231,36,0,3,2,4,5,4,2,4,3,2,0,0,3,0,0,0,3,0,1,17,19
1161,MATH231,34,0,1,3,1,5,6,3,2,1,0,4,2,5,0,0,0,1,0,0,12,22
1165,MATH231,13,0,0,0,0,1,2,3,4,2,0,0,0,1,0,0,0,0,0,0,7,6
1168,MATH231,32,0,2,4,7,4,4,4,1,1,3,0,0,2,0,0,0,0,0,0,20,12
1168,MATH231,34,0,3,2,1,6,4,2,3,8,0,0,1,1,0,0,0,2,1,0,14,20
1168,MATH231,30,0,4,0,1,4,2,1,6,3,2,4,0,2,0,0,0,1,0,0,20,10
1168,MATH231,33,0,2,2,1,4,5,2,8,4,1,3,0,0,0,0,0,1,0,0,12,21
1168,MATH231,33,0,1,1,0,2,3,1,4,2,3,0,1,5,0,0,0,4,5,1,17,16
1168,MATH231,34,0,5,2,3,5,1,2,6,1,2,1,1,1,0,0,0,1,3,0,19,15
1168,MATH231,66,0,12,1,5,8,1,3,12,4,0,5,0,9,0,0,0,6,0,0,26,40
1168,MATH231,32,0,3,0,0,6,0,0,7,0,0,7,0,5,0,0,0,4,0,0,17,15
1168,MATH231,28,0,1,1,1,2,4,4,3,5,2,4,0,0,0,0,0,1,0,0,16,12
1168,MATH231,30,0,1,1,2,1,5,3,6,5,0,4,0,2,0,0,0,0,0,0,10,20
1171,MATH231,31,0,2,2,2,2,2,4,5,3,2,2,0,3,0,0,0,1,0,1,9,22
1171,MATH231,33,0,10,8,3,1,6,1,0,2,0,0,0,0,0,0,0,1,1,0,12,21
1171,MATH231,32,0,2,1,3,2,3,2,3,7,0,3,0,2,0,0,0,3,1,0,15,17
1171,MATH231,31,0,2,2,2,2,2,4,5,3,2,2,0,3,0,0,0,1,0,1,9,22
1171,MATH231,32,0,0,3,2,5,4,3,0,1,4,1,0,5,0,0,0,4,0,0,17,15
1171,MATH231,32,0,3,2,0,4,2,3,1,2,2,1,2,7,0,0,0,2,1,0,15,17
1171,MATH231,31,0,2,2,2,2,2,4,5,3,2,2,0,3,0,0,0,1,0,1,9,22
1175,MATH231,8,0,5,0,0,0,0,0,0,0,0,2,1,0,0,0,0,0,0,0,3,5
1178,MATH231,69,0,7,9,12,6,17,0,1,9,0,0,2,0,0,0,0,5,1,0,35,34
1178,MATH231,34,0,7,4,3,2,5,2,2,3,0,1,0,2,0,0,0,3,0,0,13,21
1178,MATH231,34,0,1,8,2,3,4,0,3,5,3,4,0,0,0,0,0,0,1,0,18,16
1178,MATH231,35,0,3,1,4,5,5,4,3,7,1,1,0,0,0,0,0,1,0,0,19,16
1178,MATH231,35,0,0,3,7,4,4,4,2,3,1,0,7,0,0,0,0,0,0,0,21,14
1178,MATH231,36,0,3,2,6,1,5,6,3,6,0,0,2,0,0,0,0,1,1,0,12,24
1178,MATH231,34,0,1,1,4,8,4,2,0,4,0,0,4,4,0,0,0,2,0,0,19,15
1178,MATH231,62,0,19,3,2,15,3,2,5,5,0,3,0,0,0,0,0,5,0,0,26,36
1178,MATH231,35,0,5,1,0,10,0,0,9,1,0,1,0,6,0,0,0,2,0,0,15,20
1181,MATH231,33,0,3,0,2,4,4,4,1,3,7,0,0,2,0,0,0,3,0,0,9,24
1181,MATH231,35,0,2,2,1,3,5,3,3,5,2,2,0,5,0,0,0,2,0,0,13,22
1181,MATH231,36,0,3,4,0,5,3,4,3,5,0,0,0,7,0,0,0,1,1,0,13,23
1181,MATH231,35,0,2,2,2,3,2,4,5,2,1,2,0,4,0,0,0,5,1,0,20,15
1185,MATH231,13,0,1,4,0,1,2,1,2,0,0,0,0,1,0,0,0,0,1,0,8,5
1188,MATH231,69,0,12,11,7,13,7,3,4,4,1,2,2,2,0,0,0,1,0,0,38,31
1188,MATH231,33,0,1,2,1,10,2,2,7,0,0,4,0,4,0,0,0,0,0,0,7,26
1188,MATH231,31,0,5,3,1,5,4,1,4,4,0,1,0,2,0,0,0,1,0,0,10,21
1188,MATH231,32,0,5,6,1,1,5,1,2,8,0,0,0,1,0,0,0,0,0,2,14,18
1188,MATH231,33,0,7,2,1,2,5,0,6,5,1,0,0,4,0,0,0,0,0,0,14,19
1188,MATH231,32,0,2,4,4,3,6,6,3,2,1,1,0,0,0,0,0,0,0,0,12,20
1188,MATH231,33,0,1,2,1,10,2,2,7,0,0,4,0,4,0,0,0,0,0,0,7,26
1188,MATH231,34,0,4,1,3,4,2,6,3,3,2,2,0,2,0,0,0,1,1,0,10,24
1188,MATH231,34,0,3,2,0,1,1,0,8,2,0,7,0,5,0,0,0,5,0,0,17,17
1188,MATH231,34,0,2,0,3,2,1,0,6,2,0,4,0,9,0,0,0,5,0,0,12,22
1188,MATH231,30,0,1,3,3,3,3,3,5,3,0,1,1,1,0,0,0,3,0,0,14,16
1191,MATH231,33,0,5,1,2,1,3,7,3,3,3,3,0,2,0,0,0,0,0,0,15,18
1191,MATH231,36,0,5,4,1,4,1,4,5,2,0,3,0,6,0,0,0,1,0,0,16,20
1191,MATH231,34,0,3,3,2,2,5,1,3,2,1,2,2,8,0,0,0,0,0,0,14,20
1191,MATH231,32,0,4,4,0,3,3,3,4,3,1,3,2,1,0,0,0,0,0,1,13,19
1195,MATH231,12,0,0,0,2,2,3,0,2,0,1,0,0,2,0,0,0,0,0,0,7,5
1148,MATH232,34,0,2,5,1,2,6,2,2,11,0,1,0,0,0,0,0,0,0,2,24,10
1148,MATH232,34,0,2,4,4,1,7,2,3,6,0,0,0,1,0,0,0,3,0,1,16,18
1151,MATH232,25,0,1,3,2,4,6,0,6,1,1,0,0,0,0,0,0,1,0,0,17,8
1151,MATH232,32,0,3,9,5,1,6,3,1,3,0,0,0,1,0,0,0,0,0,0,13,19
1151,MATH232,32,0,3,4,3,4,4,5,1,3,0,0,1,1,0,0,0,3,0,0,6,26
1151,MATH232,30,0,2,1,2,7,0,2,10,0,0,4,0,2,0,0,0,0,0,0,16,14
1151,MATH232,28,0,5,4,3,4,2,5,2,0,0,2,0,1,0,0,0,0,0,0,18,10
1151,MATH232,32,0,3,0,1,1,0,0,9,7,0,2,0,2,0,0,0,3,4,0,11,21
1151,MATH232,29,0,2,3,0,11,1,0,8,2,0,1,0,0,0,0,0,1,0,0,11,18
1155,MATH232,13,0,3,2,2,2,2,0,1,0,0,0,0,1,0,0,0,0,0,0,4,9
1158,MATH232,44,0,11,3,7,6,2,6,3,0,0,0,0,2,0,0,0,2,1,1,21,23
1158,MATH232,45,0,6,7,7,7,4,1,4,4,0,1,0,4,0,0,0,0,0,0,18,27
1161,MATH232,25,0,3,0,0,2,0,0,7,0,1,2,0,4,0,0,0,6,0,0,14,11
1161,MATH232,31,0,2,1,0,3,0,0,4,0,3,5,0,3,0,0,0,10,0,0,11,20
1161,MATH232,34,0,5,2,0,6,3,2,6,4,0,4,0,0,0,0,0,2,0,0,20,14
1161,MATH232,30,0,2,2,2,3,2,4,6,3,0,3,0,1,0,0,0,1,1,0,15,15
1161,MATH232,35,0,6,5,2,5,9,4,1,2,0,0,0,0,0,0,0,1,0,0,13,22
1161,MATH232,35,0,2,5,2,6,3,5,5,4,1,1,0,1,0,0,0,0,0,0,15,20
1165,MATH232,13,0,2,3,2,3,2,0,0,0,0,0,1,0,0,0,0,0,0,0,6,7
1168,MATH232,33,0,1,0,2,3,5,2,7,3,0,3,0,2,0,0,0,5,0,0,18,15
1168,MATH232,34,0,0,2,0,3,6,1,6,4,0,3,1,5,0,0,0,3,0,0,15,19
1171,MATH232,34,0,3,3,1,7,7,2,6,1,0,4,0,0,0,0,0,0,0,0,19,15
1171,MATH232,33,0,8,2,4,8,0,0,4,2,0,0,0,4,0,0,0,1,0,0,11,22
1171,MATH232,35,0,7,3,6,4,3,4,3,2,0,2,0,1,0,0,0,0,0,0,20,15
1171,MATH232,29,0,4,6,1,6,1,4,1,0,0,4,0,1,0,0,0,1,0,0,7,22
1171,MATH232,27,0,2,0,1,2,2,3,3,8,0,2,1,1,0,0,0,2,0,0,12,15
1171,MATH232,27,0,1,1,2,2,1,0,3,8,1,0,4,2,0,0,0,2,0,0,7,20
1175,MATH232,8,0,1,0,0,2,3,0,2,0,0,0,0,0,0,0,0,0,0,0,6,2
1178,MATH232,52,0,5,8,5,16,8,2,2,2,0,0,0,3,0,0,0,1,0,0,23,29
1178,MATH232,41,0,5,2,4,4,4,3,2,5,1,2,5,2,0,0,0,2,0,0,17,24
1181,MATH232,69,0,5,5,6,9,14,6,6,5,5,3,2,2,0,0,0,0,0,1,34,35
1181,MATH232,36,0,4,1,1,5,4,6,2,3,1,1,5,1,0,0,0,2,0,0,15,21
1181,MATH232,35,0,2,0,3,0,3,2,3,3,0,10,0,3,0,0,0,5,0,1,15,20
1181,MATH232,50,0,7,2,3,14,2,2,5,4,0,5,0,2,0,0,0,4,0,0,21,29
1181,MATH232,36,0,3,6,2,1,7,4,2,8,2,0,1,0,0,0,0,0,0,0,10,26
1185,MATH232,16,0,3,4,3,0,2,1,1,0,0,1,0,1,0,0,0,0,0,0,7,9
1188,MATH232,46,0,9,5,2,2,6,1,2,2,2,1,6,6,0,0,0,2,0,0,20,26
1188,MATH232,31,0,0,0,0,2,1,0,9,2,1,4,0,8,0,0,0,4,0,0,12,19
1191,MATH232,70,0,13,8,7,16,6,7,4,3,0,1,0,1,0,0,0,3,1,0,31,39
1191,MATH232,27,0,0,1,5,4,3,3,3,3,1,4,0,0,0,0,0,0,0,0,12,15
1191,MATH232,26,0,2,2,0,2,2,3,6,3,1,1,1,0,0,0,0,3,0,0,8,18
1191,MATH232,30,0,3,0,0,3,0,0,9,0,0,5,0,4,0,0,0,6,0,0,12,18
1191,MATH232,25,0,1,0,0,2,1,0,10,0,0,2,0,4,0,0,0,5,0,0,5,20
1191,MATH232,32,0,4,1,2,5,3,5,1,5,2,3,0,0,0,0,0,1,0,0,10,22
1195,MATH232,13,0,2,0,0,2,2,5,1,1,0,0,0,0,0,0,0,0,0,0,8,5
1158,MATH233E,20,0,2,1,1,6,1,1,4,1,0,1,0,0,0,0,0,2,0,0,17,3
1158,MATH233E,27,0,7,2,1,3,1,0,4,0,1,3,2,3,0,0,0,0,0,0,15,12
1158,MATH233E,30,0,3,4,1,4,1,2,4,3,0,1,1,1,0,0,0,5,0,0,20,10
1161,MATH233E,31,0,3,1,3,3,1,2,6,4,0,3,1,4,0,0,0,0,0,0,19,12
1168,MATH233E,27,0,2,1,1,0,3,1,3,4,3,1,0,7,0,0,0,1,0,0,18,9
1168,MATH233E,28,0,1,2,0,2,2,5,5,1,3,2,2,2,0,0,0,1,0,0,24,4
1168,MATH233E,30,0,2,1,1,4,1,1,5,2,2,6,0,1,0,0,0,4,0,0,23,7
1168,MATH233E,22,0,2,0,3,7,0,0,6,0,1,1,1,1,0,0,0,0,0,0,17,5
1178,MATH233E,29,0,0,1,0,4,6,10,4,1,0,0,1,2,0,0,0,0,0,0,22,7
1178,MATH233E,29,0,4,1,2,5,2,5,3,3,3,1,0,0,0,0,0,0,0,0,21,8
1178,MATH233E,30,0,5,1,2,1,0,4,4,2,3,2,1,2,0,0,0,2,0,1,24,6
1178,MATH233E,24,0,0,0,2,6,0,0,7,3,1,4,0,0,0,0,0,1,0,0,15,9
1181,MATH233E,25,0,1,0,2,2,4,3,1,2,2,0,5,2,0,0,0,1,0,0,16,9
1181,MATH233E,17,0,2,2,1,3,2,0,2,1,0,0,0,2,0,0,0,0,2,0,10,7
1188,MATH233E,29,0,6,0,3,2,4,0,2,3,0,2,3,2,0,0,0,2,0,0,22,7
1188,MATH233E,18,0,2,1,2,3,3,1,2,1,0,0,0,2,0,0,0,0,0,1,14,4
1188,MATH233E,13,0,1,0,0,1,5,0,1,2,1,0,0,1,0,0,0,0,0,1,12,1
1188,MATH233E,31,0,1,0,2,3,1,2,5,3,2,2,3,6,0,0,0,1,0,0,20,11
1191,MATH233E,13,0,2,0,0,5,1,0,4,0,0,0,0,1,0,0,0,0,0,0,10,3
1191,MATH233E,25,0,7,0,0,5,0,0,7,0,0,1,0,1,0,0,0,4,0,0,19,6
1188,MATH234,28,0,1,1,2,8,4,1,6,0,2,2,0,1,0,0,0,0,0,0,16,12
1191,MATH234,22,0,0,1,5,2,6,1,3,0,0,0,1,1,0,0,0,1,1,0,14,8
1191,MATH234,27,0,4,2,3,1,4,2,3,4,0,1,2,0,0,0,0,1,0,0,20,7
1161,MATH234E,27,0,2,0,0,7,3,1,7,0,0,2,1,3,0,0,0,1,0,0,20,7
1161,MATH234E,18,0,1,2,0,3,0,2,2,1,3,3,0,1,0,0,0,0,0,0,12,6
1168,MATH234E,24,0,4,2,2,3,4,0,3,2,1,2,0,1,0,0,0,0,0,0,16,8
1171,MATH234E,30,0,2,1,3,10,1,0,6,1,3,1,0,2,0,0,0,0,0,0,22,8
1171,MATH234E,33,0,4,2,0,4,4,2,6,2,5,3,0,1,0,0,0,0,0,0,22,11
1181,MATH234E,40,0,3,3,1,3,0,1,12,1,1,6,4,1,0,0,0,4,0,0,30,10
1181,MATH234E,34,0,2,2,0,7,3,2,7,0,4,4,0,3,0,0,0,0,0,0,29,5
1148,MATH235,26,0,1,1,4,3,7,3,2,1,0,2,0,0,0,0,0,1,0,1,11,15
1148,MATH235,33,0,1,1,1,5,3,3,3,6,4,1,1,3,0,0,0,1,0,0,12,21
1148,MATH235,31,0,0,1,2,4,3,3,3,4,1,1,0,4,0,0,0,5,0,0,9,22
1148,MATH235,28,0,3,1,2,3,2,2,7,3,0,1,0,3,0,0,0,1,0,0,11,17
1148,MATH235,28,0,2,1,3,4,7,1,3,5,0,1,0,0,0,0,0,1,0,0,13,15
1148,MATH235,33,0,4,3,2,4,7,2,1,2,4,2,1,0,0,0,0,1,0,0,12,21
1148,MATH235,30,0,4,4,4,3,3,4,3,4,0,0,0,0,0,0,0,1,0,0,8,22
1148,MATH235,30,0,4,4,1,6,0,4,4,1,0,2,0,1,0,0,0,3,0,0,7,23
1148,MATH235,32,0,4,4,3,0,4,4,3,2,0,4,0,1,0,0,0,3,0,0,6,26
1148,MATH235,34,0,4,0,1,9,1,5,7,0,2,1,0,1,0,0,0,3,0,0,14,20
1148,MATH235,25,0,3,0,1,7,1,2,3,3,0,1,0,2,0,0,0,0,2,0,7,18
1151,MATH235,22,0,4,2,1,0,2,5,3,0,0,2,0,0,0,0,0,1,2,0,8,14
1151,MATH235,26,0,3,3,4,2,4,1,4,1,0,2,0,0,0,0,0,1,1,0,11,15
1151,MATH235,28,0,2,0,3,6,1,6,1,1,0,3,3,1,0,0,0,1,0,0,16,12
1155,MATH235,11,0,2,1,3,0,2,0,1,0,0,0,2,0,0,0,0,0,0,0,5,6
1158,MATH235,31,0,5,7,1,1,4,1,1,1,2,2,1,5,0,0,0,0,0,0,5,26
1158,MATH235,30,0,3,2,2,4,2,0,4,4,0,2,0,6,0,0,0,1,0,0,9,21
1158,MATH235,33,0,11,4,4,0,3,2,0,3,0,0,3,1,0,0,0,2,0,0,13,20
1158,MATH235,32,0,5,5,5,5,8,0,1,0,0,1,0,1,0,0,0,1,0,0,15,17
1158,MATH235,33,0,1,2,1,5,4,3,9,2,0,1,0,3,0,0,0,2,0,0,11,22
1158,MATH235,32,0,2,0,3,5,3,5,8,2,0,0,1,3,0,0,0,0,0,0,10,22
1158,MATH235,33,0,1,3,1,5,3,5,3,6,1,1,0,1,0,0,0,3,0,0,14,19
1158,MATH235,32,0,4,3,2,6,4,2,2,0,0,0,1,7,0,0,0,1,0,0,10,22
1158,MATH235,32,0,5,6,2,3,6,1,1,2,1,0,0,3,0,0,0,2,0,0,14,18
1158,MATH235,29,0,4,3,1,4,4,6,4,1,1,1,0,0,0,0,0,0,0,0,7,22
1158,MATH235,34,0,7,1,4,3,5,4,2,2,1,0,3,1,0,0,0,0,1,0,17,17
1161,MATH235,29,0,6,2,4,0,7,1,1,3,0,0,2,2,0,0,0,1,0,0,10,19
1161,MATH235,32,0,6,2,2,3,3,4,2,5,0,0,0,4,0,0,0,1,0,0,13,19
1161,MATH235,31,0,7,2,3,3,2,2,6,0,0,2,0,3,0,0,0,1,0,0,13,18
1165,MATH235,8,0,0,1,2,3,0,0,0,1,0,0,1,0,0,0,0,0,0,0,2,6
1168,MATH235,31,0,2,3,2,3,1,3,4,0,0,1,1,4,0,0,0,6,1,0,13,18
1168,MATH235,30,0,5,8,5,4,3,1,0,1,1,0,1,0,0,0,0,1,0,0,12,18
1168,MATH235,32,0,9,5,3,2,7,2,1,1,0,0,1,0,0,0,0,1,0,0,13,19
1168,MATH235,33,0,5,2,3,5,3,0,2,3,3,1,1,2,0,0,0,3,0,0,9,24
1168,MATH235,34,0,4,0,1,5,3,1,3,5,0,3,0,7,0,0,0,2,0,0,14,20
1168,MATH235,35,0,7,2,5,3,3,2,5,0,0,1,1,4,0,0,0,1,0,1,14,21
1168,MATH235,35,0,4,4,7,5,4,3,4,3,0,0,1,0,0,0,0,0,0,0,14,21
1168,MATH235,33,0,0,1,1,10,3,1,8,2,1,2,2,2,0,0,0,0,0,0,13,20
1168,MATH235,31,0,6,2,2,3,0,1,5,1,0,1,1,4,0,0,0,5,0,0,12,19
1168,MATH235,31,0,3,3,2,4,2,4,5,4,0,0,1,1,0,0,0,2,0,0,10,21
1168,MATH235,31,0,1,1,6,5,2,1,7,6,0,0,0,1,0,0,0,1,0,0,9,22
1171,MATH235,36,0,8,7,3,4,2,1,2,0,0,0,0,4,0,0,0,4,1,0,18,18
1171,MATH235,33,0,1,2,0,4,5,2,6,2,2,1,1,3,0,0,0,4,0,0,20,13
1171,MATH235,32,0,2,0,2,6,4,0,6,0,3,1,2,3,0,0,0,2,1,0,10,22
1175,MATH235,9,0,3,0,2,0,0,0,1,0,0,0,0,0,0,0,0,1,1,1,1,8
1178,MATH235,30,0,2,0,3,4,1,1,3,1,0,1,1,6,0,0,0,7,0,0,14,16
1178,MATH235,33,0,3,1,2,5,1,1,4,6,0,0,2,2,0,0,0,5,1,0,13,20
1178,MATH235,35,0,2,0,0,5,0,0,12,0,0,5,0,6,0,0,0,5,0,0,11,24
1178,MATH235,33,0,8,0,0,4,0,0,11,0,0,3,0,1,0,0,0,6,0,0,12,21
1178,MATH235,34,0,5,1,2,5,4,5,3,2,0,3,0,2,0,0,0,2,0,0,11,23
1178,MATH235,33,0,9,3,5,3,1,3,4,1,0,1,0,1,0,0,0,2,0,0,13,20
1178,MATH235,37,0,5,0,4,6,2,4,7,1,3,0,1,1,0,0,0,1,1,1,9,28
1178,MATH235,34,0,7,2,3,6,0,3,7,1,0,2,0,2,0,0,0,1,0,0,11,23
1178,MATH235,36,0,2,7,2,6,5,5,4,0,1,0,0,2,0,0,0,2,0,0,11,25
1178,MATH235,32,0,7,3,2,2,6,2,2,0,2,3,3,0,0,0,0,0,0,0,15,17
1178,MATH235,29,0,3,2,3,3,1,6,6,0,1,1,1,1,0,0,0,1,0,0,9,20
1181,MATH235,35,0,10,8,1,4,1,1,0,1,4,2,2,1,0,0,0,0,0,0,19,16
1181,MATH235,35,0,2,0,2,3,0,1,12,0,0,5,0,3,0,0,0,7,0,0,13,22
1181,MATH235,33,0,1,0,2,7,0,2,5,0,1,4,0,3,0,0,0,5,2,1,17,16
1185,MATH235,12,0,2,1,2,0,2,2,0,2,0,0,0,0,0,0,0,1,0,0,4,8
1188,MATH235,33,0,7,7,5,1,4,0,1,1,0,6,0,1,0,0,0,0,0,0,12,21
1188,MATH235,29,0,8,4,1,4,3,3,3,0,0,0,0,2,0,0,0,1,0,0,11,18
1188,MATH235,32,0,5,3,2,3,4,1,5,1,3,0,0,3,0,0,0,2,0,0,6,26
1188,MATH235,30,0,6,6,0,3,5,3,1,0,1,0,0,1,0,0,0,4,0,0,9,21
1188,MATH235,37,0,0,3,3,4,0,4,3,2,0,1,0,1,0,0,0,8,1,7,8,29
1188,MATH235,38,0,1,2,0,2,6,1,3,2,0,1,0,1,0,0,0,10,1,8,11,27
1188,MATH235,38,0,8,6,4,0,0,1,2,6,1,1,1,1,0,0,0,2,2,3,15,23
1188,MATH235,38,0,9,2,3,1,2,2,4,3,1,0,1,5,0,0,0,0,4,1,7,31
1188,MATH235,40,0,3,5,8,3,7,2,2,4,0,1,0,1,0,0,0,4,0,0,12,28
1188,MATH235,34,0,7,1,0,4,2,4,5,2,0,1,0,4,0,0,0,4,0,0,13,21
1188,MATH235,35,0,7,4,3,4,4,2,1,0,0,4,0,2,0,0,0,4,0,0,20,15
1191,MATH235,40,0,7,3,4,5,2,3,7,0,4,2,2,1,0,0,0,0,0,0,21,19
1191,MATH235,32,0,8,1,3,2,3,2,2,5,0,0,1,2,0,0,0,2,0,1,5,27
1191,MATH235,29,0,3,0,1,1,0,7,8,3,0,0,1,1,0,0,0,4,0,0,16,13
1195,MATH235,8,0,2,3,1,0,0,0,2,0,0,0,0,0,0,0,0,0,0,0,4,4
1148,MATH236,33,0,6,3,3,2,2,8,4,4,0,0,0,1,0,0,0,0,0,0,13,20
1148,MATH236,33,0,5,1,7,5,2,3,6,2,0,0,0,2,0,0,0,0,0,0,10,23
1148,MATH236,28,0,1,3,1,6,1,3,8,0,0,0,0,2,0,0,0,3,0,0,9,19
1148,MATH236,29,0,4,0,6,3,3,3,7,1,1,0,0,0,0,0,0,1,0,0,8,21
1151,MATH236,27,0,0,0,1,2,3,4,6,0,0,4,3,2,0,0,0,2,0,0,7,20
1151,MATH236,29,0,4,0,0,1,3,4,3,5,1,1,0,4,0,0,0,2,0,1,4,25
1151,MATH236,27,0,4,4,5,8,2,1,0,1,0,0,0,2,0,0,0,0,0,0,7,20
1151,MATH236,23,0,3,2,3,3,2,2,2,3,1,1,0,1,0,0,0,0,0,0,8,15
1151,MATH236,22,0,0,4,5,1,5,0,3,3,0,0,0,1,0,0,0,0,0,0,6,16
1151,MATH236,26,0,6,1,1,5,0,1,5,0,0,5,0,0,0,0,0,2,0,0,10,16
1155,MATH236,17,0,4,0,2,2,0,4,2,1,0,0,0,0,0,0,0,1,0,1,6,11
1158,MATH236,30,0,7,1,1,10,1,0,4,0,0,3,0,2,0,0,0,1,0,0,9,21
1158,MATH236,29,0,5,2,1,9,0,1,7,0,0,2,0,0,0,0,0,2,0,0,10,19
1158,MATH236,30,0,1,1,0,7,0,4,8,0,0,4,0,3,0,0,0,2,0,0,11,19
1158,MATH236,29,0,3,1,1,6,0,3,3,0,0,8,0,3,0,0,0,1,0,0,9,20
1161,MATH236,33,0,2,0,1,7,0,0,7,1,1,9,0,3,0,0,0,2,0,0,9,24
1161,MATH236,30,0,2,2,1,5,3,3,8,2,0,2,0,0,0,0,0,1,1,0,6,24
1161,MATH236,26,0,5,4,4,3,4,1,1,0,0,0,1,3,0,0,0,0,0,0,9,17
1161,MATH236,30,0,5,3,3,8,1,1,4,2,1,0,0,2,0,0,0,0,0,0,9,21
1161,MATH236,33,0,3,2,1,5,1,0,9,0,0,2,0,7,0,0,0,3,0,0,11,22
1161,MATH236,33,0,2,0,5,0,11,4,7,0,0,2,1,1,0,0,0,0,0,0,5,28
1161,MATH236,33,0,5,1,3,4,6,5,3,2,1,0,1,0,0,0,0,0,1,1,13,20
1165,MATH236,16,0,0,1,1,4,1,4,1,0,1,0,2,1,0,0,0,0,0,0,6,10
1168,MATH236,28,0,3,0,1,3,0,4,5,0,1,2,0,0,0,0,0,6,3,0,14,14
1168,MATH236,31,0,2,0,3,5,0,2,5,0,0,3,0,2,0,0,0,6,3,0,12,19
1168,MATH236,31,0,1,0,2,4,7,1,5,2,1,4,0,1,0,0,0,3,0,0,10,21
1168,MATH236,31,0,1,2,3,2,1,5,4,3,3,4,0,2,0,0,0,1,0,0,13,18
1171,MATH236,23,0,6,0,0,8,0,0,4,0,0,2,0,2,0,0,0,1,0,0,7,16
1171,MATH236,20,0,1,0,2,4,0,1,2,1,0,1,0,7,0,0,0,1,0,0,8,12
1171,MATH236,28,0,3,0,5,1,7,4,2,3,0,0,0,1,0,0,0,2,0,0,6,22
1171,MATH236,28,0,2,4,2,2,2,0,7,2,1,1,1,0,0,0,0,3,1,0,11,17
1171,MATH236,23,0,4,1,2,0,1,0,5,0,2,0,4,0,0,0,0,4,0,0,6,17
1171,MATH236,27,0,3,3,4,2,5,1,4,1,1,1,0,0,0,0,0,1,0,1,11,16
1171,MATH236,24,0,2,4,4,3,2,3,3,2,0,0,0,1,0,0,0,0,0,0,13,11
1175,MATH236,19,0,2,3,1,3,2,2,2,1,1,1,0,0,0,0,0,1,0,0,7,12
1178,MATH236,32,0,1,1,0,8,0,0,4,1,2,6,0,5,0,0,0,2,1,1,11,21
1178,MATH236,34,0,5,0,0,3,0,0,8,2,0,5,0,5,0,0,0,5,1,0,11,23
1178,MATH236,35,0,7,2,1,3,8,3,5,2,0,4,0,0,0,0,0,0,0,0,15,20
1178,MATH236,31,0,2,1,6,1,3,3,3,2,2,1,0,5,0,0,0,2,0,0,7,24
1181,MATH236,29,0,1,0,2,6,1,2,6,1,0,1,0,6,0,0,0,3,0,0,6,23
1181,MATH236,22,0,2,1,0,9,1,1,5,0,0,0,0,3,0,0,0,0,0,0,9,13
1181,MATH236,25,0,7,2,1,7,0,0,4,0,0,2,0,2,0,0,0,0,0,0,5,20
1181,MATH236,30,0,1,1,3,7,1,1,4,1,2,2,1,4,0,0,0,2,0,0,10,20
1181,MATH236,31,0,6,1,1,7,2,2,4,1,0,4,1,0,0,0,0,2,0,0,12,19
1181,MATH236,30,0,4,4,1,2,5,4,4,3,1,0,0,0,0,0,0,1,0,1,7,23
1181,MATH236,30,0,3,2,3,2,4,4,3,3,2,0,0,2,0,0,0,0,0,2,9,21
1185,MATH236,16,0,1,0,2,4,0,1,2,0,0,2,0,1,0,0,0,2,1,0,3,13
1188,MATH236,32,0,5,0,0,4,0,0,11,0,0,4,0,4,0,0,0,3,0,1,9,23
1188,MATH236,40,0,8,2,2,10,0,2,8,1,0,0,1,2,0,0,0,3,0,1,19,21
1188,MATH236,30,0,3,1,2,3,0,5,3,5,0,2,0,5,0,0,0,1,0,0,8,22
1188,MATH236,32,0,4,1,0,2,2,0,4,4,0,5,0,6,0,0,0,4,0,0,10,22
1191,MATH236,31,0,3,0,1,5,0,0,7,0,0,4,0,5,0,0,0,1,3,2,10,21
1191,MATH236,28,0,3,1,0,3,5,1,4,4,0,1,1,1,0,0,0,3,0,1,10,18
1191,MATH236,30,0,9,7,1,2,0,1,4,1,1,2,0,1,0,0,0,1,0,0,11,19
1191,MATH236,28,0,2,1,3,4,2,1,2,1,2,2,0,3,0,0,0,5,0,0,7,21
1191,MATH236,30,0,4,4,2,7,0,3,4,1,1,2,0,1,0,0,0,0,1,0,10,20
1191,MATH236,25,0,2,2,4,3,2,2,1,2,1,1,1,3,0,0,0,1,0,0,6,19
1195,MATH236,16,0,0,5,0,3,0,3,0,2,0,0,2,0,0,0,0,1,0,0,5,11
1148,MATH237,29,0,2,2,4,5,3,1,8,0,0,1,0,3,0,0,0,0,0,0,9,20
1148,MATH237,24,0,4,1,1,3,3,6,4,0,1,0,0,0,0,0,0,1,0,0,4,20
1148,MATH237,28,0,3,3,3,9,2,0,6,1,0,0,0,0,0,0,0,1,0,0,9,19
1148,MATH237,27,0,7,2,4,4,1,1,5,1,0,0,0,1,0,0,0,1,0,0,7,20
1148,MATH237,24,0,5,2,0,3,1,1,5,0,0,1,0,3,0,0,0,3,0,0,5,19
1148,MATH237,28,0,4,3,4,1,3,2,4,2,3,1,1,0,0,0,0,0,0,0,11,17
1151,MATH237,28,0,0,0,6,5,1,1,2,2,0,1,1,8,0,0,0,0,0,1,7,21
1151,MATH237,29,0,1,2,3,7,2,3,2,2,1,3,0,1,0,0,0,2,0,0,8,21
1151,MATH237,28,0,6,3,5,2,3,1,5,0,0,0,1,0,0,0,0,1,1,0,11,17
1155,MATH237,5,0,1,0,1,1,1,1,0,0,0,0,0,0,0,0,0,0,0,0,0,5
1158,MATH237,24,0,3,2,1,1,2,0,9,3,2,0,1,0,0,0,0,0,0,0,5,19
1158,MATH237,20,0,3,1,0,1,3,2,3,5,1,0,0,0,0,0,0,1,0,0,1,19
1158,MATH237,28,0,5,5,0,7,2,3,4,0,0,1,0,0,0,0,0,0,0,1,15,13
1158,MATH237,27,0,6,2,3,5,1,1,5,1,1,1,0,0,0,0,0,1,0,0,5,22
1158,MATH237,26,0,5,3,1,2,4,4,4,0,0,2,0,1,0,0,0,0,0,0,4,22
1158,MATH237,28,0,5,1,4,5,6,1,0,2,0,3,0,1,0,0,0,0,0,0,10,18
1161,MATH237,23,0,3,0,1,3,3,1,3,0,0,1,0,3,0,0,0,2,0,3,7,16
1161,MATH237,28,0,5,0,0,14,1,0,6,0,0,1,0,0,0,0,0,0,0,1,9,19
1161,MATH237,29,0,5,2,0,3,1,0,9,2,0,1,0,5,0,0,0,1,0,0,15,14
1165,MATH237,11,0,5,1,1,4,0,0,0,0,0,0,0,0,0,0,0,0,0,0,3,8
1168,MATH237,29,0,2,3,2,4,5,2,2,2,2,1,0,0,0,0,0,4,0,0,10,19
1168,MATH237,28,0,0,0,4,0,1,3,7,1,5,2,0,1,0,0,0,4,0,0,6,22
1168,MATH237,27,0,4,3,0,5,1,1,10,0,0,1,0,0,0,0,0,2,0,0,10,17
1168,MATH237,31,0,8,2,1,11,0,1,4,1,0,1,0,1,0,0,0,1,0,0,10,21
1168,MATH237,30,0,3,2,3,4,5,8,2,2,0,0,0,1,0,0,0,0,0,0,10,20
1168,MATH237,31,0,7,2,3,7,4,2,2,2,1,0,0,1,0,0,0,0,0,0,14,17
1171,MATH237,22,0,5,0,1,8,1,2,3,0,0,0,0,1,0,0,0,1,0,0,6,16
1171,MATH237,18,0,3,0,0,6,0,2,0,1,0,3,0,3,0,0,0,0,0,0,5,13
1171,MATH237,22,0,4,0,0,3,0,1,4,1,0,3,0,4,0,0,0,1,1,0,10,12
1175,MATH237,10,0,4,0,1,2,0,0,2,1,0,0,0,0,0,0,0,0,0,0,3,7
1178,MATH237,28,0,0,1,1,0,3,5,2,4,0,1,2,0,0,0,0,9,0,0,12,16
1178,MATH237,25,0,4,0,1,2,1,4,0,4,0,1,2,4,0,0,0,2,0,0,6,19
1178,MATH237,35,0,5,3,6,4,3,6,4,2,0,2,0,0,0,0,0,0,0,0,12,23
1178,MATH237,34,0,5,0,1,10,1,3,4,2,1,3,0,2,0,0,0,1,1,0,17,17
1178,MATH237,33,0,7,1,1,8,0,1,6,0,0,4,0,3,0,0,0,0,1,1,14,19
1181,MATH237,28,0,2,0,4,1,2,4,1,4,0,3,1,3,0,0,0,3,0,0,3,25
1181,MATH237,36,0,2,6,6,6,5,7,0,1,0,1,0,1,0,0,0,1,0,0,17,19
1181,MATH237,36,0,5,6,5,5,5,5,4,1,0,0,0,0,0,0,0,0,0,0,16,20
1185,MATH237,5,0,1,0,0,2,0,0,1,0,0,1,0,0,0,0,0,0,0,0,0,5
1188,MATH237,29,0,3,4,0,6,0,3,4,5,0,1,1,2,0,0,0,0,0,0,6,23
1188,MATH237,19,0,6,1,2,0,1,1,0,4,0,1,0,3,0,0,0,0,0,0,4,15
1188,MATH237,32,0,4,2,7,5,0,4,2,0,1,2,0,4,0,0,0,1,0,0,6,26
1188,MATH237,31,0,5,5,3,5,2,2,4,2,0,1,0,1,0,0,0,0,1,0,12,19
1188,MATH237,36,0,4,4,5,5,8,3,5,1,0,0,0,0,0,0,0,1,0,0,11,25
1188,MATH237,33,0,3,5,3,4,4,5,3,1,1,1,0,1,0,0,0,0,0,2,2,31
1191,MATH237,30,0,10,0,4,3,0,4,3,0,4,1,0,1,0,0,0,0,0,0,10,20
1191,MATH237,31,0,5,2,5,3,4,0,7,1,0,0,0,1,0,0,0,3,0,0,10,21
1191,MATH237,26,0,2,1,2,4,2,0,6,2,0,2,0,2,0,0,0,3,0,0,6,20
1195,MATH237,11,0,0,0,2,5,0,0,1,2,0,0,0,0,0,0,0,1,0,0,2,9
1148,MATH238,15,0,1,2,1,2,1,3,2,0,0,1,0,1,0,0,0,1,0,0,3,12
1148,MATH238,25,0,5,0,1,5,1,4,2,1,0,1,0,4,0,0,0,1,0,0,8,17
1148,MATH238,25,0,2,1,2,3,3,2,5,1,2,2,0,2,0,0,0,0,0,0,9,16
1151,MATH238,26,0,3,2,3,5,7,1,1,0,0,0,0,2,0,0,0,1,1,0,5,21
1151,MATH238,25,0,4,2,2,4,2,2,4,0,1,2,0,0,0,0,0,2,0,0,6,19
1151,MATH238,28,0,2,0,2,4,0,7,8,0,0,2,0,2,0,0,0,1,0,0,5,23
1151,MATH238,26,0,4,2,4,4,1,3,3,3,1,0,0,1,0,0,0,0,0,0,10,16
1151,MATH238,27,0,8,4,3,2,2,1,3,2,0,1,0,1,0,0,0,0,0,0,11,16
1155,MATH238,11,0,0,0,0,5,0,3,1,0,0,1,0,0,0,0,0,0,0,1,1,10
1158,MATH238,16,0,0,0,2,2,5,0,1,1,0,2,0,1,0,0,0,2,0,0,3,13
1158,MATH238,25,0,1,2,2,1,8,0,1,3,0,1,0,1,0,0,0,5,0,0,7,18
1158,MATH238,23,0,4,0,3,5,1,2,6,0,0,0,0,2,0,0,0,0,0,0,5,18
1161,MATH238,26,0,1,1,0,1,5,5,4,2,2,0,1,2,0,0,0,2,0,0,9,17
1161,MATH238,29,0,1,2,0,2,1,3,6,6,3,3,0,1,0,0,0,0,1,0,7,22
1161,MATH238,19,0,1,3,3,1,3,3,2,1,0,0,0,1,0,0,0,0,1,0,4,15
1161,MATH238,21,0,0,4,4,2,1,0,4,2,0,1,0,0,0,0,0,1,2,0,2,19
1161,MATH238,26,0,5,3,1,9,2,0,5,0,0,0,0,0,0,0,0,1,0,0,6,20
1165,MATH238,12,0,0,1,0,4,0,0,1,2,3,0,0,0,0,0,0,1,0,0,3,9
1168,MATH238,13,0,2,2,2,0,1,0,2,0,0,2,0,1,0,0,0,1,0,0,4,9
1168,MATH238,20,0,2,0,2,9,0,0,3,1,0,0,0,1,0,0,0,1,1,0,7,13
1168,MATH238,19,0,2,2,0,8,0,1,3,0,0,0,1,1,0,0,0,1,0,0,7,12
1171,MATH238,25,0,1,0,2,3,3,4,3,1,1,2,2,2,0,0,0,1,0,0,9,16
1171,MATH238,25,0,0,1,1,3,6,2,2,4,2,1,0,2,0,0,0,0,0,1,6,19
1171,MATH238,21,0,2,1,0,5,6,0,1,1,0,2,0,2,0,0,0,0,0,1,2,19
1171,MATH238,22,0,1,2,1,1,2,1,7,3,0,2,0,0,0,0,0,1,1,0,5,17
1171,MATH238,24,0,2,3,6,0,6,0,3,0,0,2,0,2,0,0,0,0,0,0,5,19
1175,MATH238,12,0,3,1,1,4,0,0,3,0,0,0,0,0,0,0,0,0,0,0,6,6
1178,MATH238,24,0,2,3,2,4,0,2,2,1,0,0,0,2,0,0,0,0,2,4,7,17
1178,MATH238,20,0,2,2,1,5,1,4,1,0,0,0,0,1,0,0,0,0,2,1,3,17
1181,MATH238,27,0,1,1,1,6,10,1,4,1,0,0,0,1,0,0,0,1,0,0,11,16
1181,MATH238,20,0,3,2,2,6,2,0,1,1,0,0,0,0,0,0,0,0,3,0,5,15
1181,MATH238,15,0,1,0,0,1,0,1,3,0,0,2,1,0,0,0,0,4,2,0,1,14
1181,MATH238,28,0,5,0,2,7,1,4,5,0,0,1,0,0,0,0,0,1,2,0,9,19
1185,MATH238,10,0,1,0,0,2,0,0,7,0,0,0,0,0,0,0,0,0,0,0,1,9
1188,MATH238,24,0,13,0,2,3,0,1,3,0,0,0,0,2,0,0,0,0,0,0,7,17
1188,MATH238,18,0,11,0,1,1,0,1,1,0,1,1,0,1,0,0,0,0,0,0,3,15
1191,MATH238,28,0,1,1,2,2,7,2,0,6,0,2,0,0,0,0,0,1,3,1,2,26
1191,MATH238,21,0,1,1,4,1,2,2,3,3,0,0,0,0,0,0,0,1,2,1,3,18
1191,MATH238,26,0,4,3,0,6,1,0,5,2,0,2,0,3,0,0,0,0,0,0,10,16
1191,MATH238,28,0,4,1,1,7,3,1,4,2,1,3,0,1,0,0,0,0,0,0,4,24
1195,MATH238,8,0,2,2,2,1,0,0,1,0,0,0,0,0,0,0,0,0,0,0,2,6
1148,MATH245,27,0,9,4,2,2,3,1,1,3,0,0,0,0,0,0,0,1,1,0,9,18
1148,MATH245,23,0,2,3,3,0,0,5,0,0,1,1,1,3,0,0,0,4,0,0,9,14
1151,MATH245,34,0,3,1,4,5,4,6,5,2,1,2,0,0,0,0,0,1,0,0,15,19
1151,MATH245,35,0,1,6,2,7,4,4,4,2,1,1,0,2,0,0,0,1,0,0,14,21
1158,MATH245,30,0,1,0,3,2,2,6,7,1,0,1,1,4,0,0,0,0,1,1,7,23
1158,MATH245,31,0,3,2,2,5,2,4,4,2,1,2,0,1,0,0,0,3,0,0,11,20
1161,MATH245,31,0,2,1,0,5,0,0,7,1,1,6,0,5,0,0,0,2,1,0,21,10
1161,MATH245,34,0,4,1,2,5,4,4,5,1,0,3,2,1,0,0,0,1,1,0,7,27
1168,MATH245,21,0,2,1,2,1,0,1,6,2,0,2,0,3,0,0,0,1,0,0,6,15
1168,MATH245,23,0,1,0,1,3,2,1,7,2,0,1,0,5,0,0,0,0,0,0,13,10
1168,MATH245,21,0,1,0,0,4,0,1,8,0,0,0,0,4,0,0,0,3,0,0,7,14
1171,MATH245,27,0,2,0,0,7,0,1,5,1,0,4,1,3,0,0,0,2,0,1,11,16
1171,MATH245,27,0,2,0,0,8,0,1,5,0,0,3,0,2,0,0,0,6,0,0,14,13
1178,MATH245,33,0,7,0,6,4,2,2,6,2,2,0,0,1,0,0,0,1,0,0,15,18
1178,MATH245,25,0,3,1,4,2,4,3,5,3,0,0,0,0,0,0,0,0,0,0,9,16
1181,MATH245,17,0,0,1,2,3,2,2,3,0,1,2,1,0,0,0,0,0,0,0,5,12
1181,MATH245,19,0,2,1,1,3,0,2,3,1,2,1,0,2,0,0,0,1,0,0,8,11
1181,MATH245,17,0,3,5,0,1,7,0,0,0,0,0,0,1,0,0,0,0,0,0,9,8
1188,MATH245,26,0,4,0,4,3,5,1,3,5,0,1,0,0,0,0,0,0,0,0,8,18
1188,MATH245,27,0,2,4,0,2,7,0,0,4,0,0,1,2,0,0,0,4,0,1,10,17
1191,MATH245,26,0,2,2,1,10,1,0,1,3,0,4,0,0,0,0,0,2,0,0,10,16
1191,MATH245,25,0,3,3,1,3,0,1,5,5,0,3,1,0,0,0,0,0,0,0,7,18
1148,MATH248,22,0,1,3,2,3,4,3,0,3,0,2,1,0,0,0,0,0,0,0,7,15
1148,MATH248,23,0,1,4,1,4,6,2,1,2,0,0,0,0,0,0,0,2,0,0,4,19
1151,MATH248,25,0,11,4,2,8,0,0,0,0,0,0,0,0,0,0,0,0,0,0,9,16
1151,MATH248,26,0,3,3,1,1,5,2,1,4,0,0,0,2,0,0,0,3,0,1,10,16
1151,MATH248,25,0,4,7,6,1,3,1,0,2,0,0,0,0,0,0,0,1,0,0,9,16
1158,MATH248,24,0,1,3,3,4,1,0,2,2,0,2,0,4,0,0,0,2,0,0,4,20
1158,MATH248,21,0,5,5,4,2,1,1,0,0,0,1,0,0,0,0,0,2,0,0,9,12
1158,MATH248,21,0,7,5,5,1,1,0,1,0,0,0,0,0,0,0,0,1,0,0,8,13
1161,MATH248,23,0,9,0,5,4,0,2,2,0,0,0,0,0,0,0,0,1,0,0,9,14
1161,MATH248,23,0,6,0,4,4,0,1,4,0,1,2,0,1,0,0,0,0,0,0,7,16
1161,MATH248,23,0,1,0,2,2,4,4,5,0,1,2,2,0,0,0,0,0,0,0,7,16
1161,MATH248,23,0,0,1,3,3,3,3,5,3,0,0,2,0,0,0,0,0,0,0,7,16
1168,MATH248,21,0,5,1,0,12,0,2,1,0,0,0,0,0,0,0,0,0,0,0,6,15
1168,MATH248,22,0,8,2,4,3,0,1,3,0,0,0,0,1,0,0,0,0,0,0,5,17
1168,MATH248,19,0,4,0,3,5,1,1,2,1,1,0,0,0,0,0,0,1,0,0,2,17
1171,MATH248,22,0,1,5,3,5,2,0,1,0,0,0,0,2,0,0,0,3,0,0,9,13
1171,MATH248,22,0,3,3,1,5,2,1,1,1,0,0,0,2,0,0,0,1,2,0,9,13
1171,MATH248,9,0,1,1,2,3,0,1,0,1,0,0,0,0,0,0,0,0,0,0,5,4
1171,MATH248,17,0,1,3,2,2,1,2,2,0,1,1,0,1,0,0,0,0,1,0,3,14
1178,MATH248,16,0,1,1,0,8,0,0,5,0,0,0,0,0,0,0,0,1,0,0,5,11
1178,MATH248,13,0,0,2,1,2,1,1,2,1,2,1,0,0,0,0,0,0,0,0,7,6
1178,MATH248,21,0,4,2,2,3,2,0,1,2,0,0,3,2,0,0,0,0,0,0,10,11
1181,MATH248,21,0,1,2,8,3,1,2,1,0,0,0,0,1,0,0,0,2,0,0,7,14
1181,MATH248,20,0,5,3,4,3,1,3,0,0,0,0,0,0,0,0,0,1,0,0,8,12
1181,MATH248,14,0,0,1,2,2,2,2,1,1,1,1,0,1,0,0,0,0,0,0,4,10
1188,MATH248,17,0,2,1,1,1,2,3,3,1,0,2,1,0,0,0,0,0,0,0,4,13
1188,MATH248,18,0,3,2,3,4,2,1,0,1,0,0,0,2,0,0,0,0,0,0,7,11
1188,MATH248,19,0,5,1,2,5,2,2,0,1,0,0,0,1,0,0,0,0,0,0,7,12
1191,MATH248,22,0,2,1,2,7,1,0,5,1,0,1,0,1,0,0,0,1,0,0,5,17
1191,MATH248,23,0,4,5,3,6,0,3,1,0,0,1,0,0,0,0,0,0,0,0,8,15
1191,MATH248,21,0,1,1,3,1,6,0,2,1,0,1,0,1,0,0,0,4,0,0,5,16
1151,MATH265,1,0,0,0,0,0,0,0,0,0,0,0,0,0,0,0,0,1,0,0,1,0
1161,MATH265,2,0,0,0,1,0,0,0,0,1,0,0,0,0,0,0,0,0,0,0,1,1
1148,MATH300,15,0,3,0,2,1,1,2,1,0,1,1,0,1,0,0,0,2,0,0,7,8
1151,MATH300,14,0,2,1,0,2,1,0,1,0,1,1,0,2,0,0,0,0,2,1,3,11
1158,MATH300,17,0,2,0,0,5,0,0,5,0,0,0,0,1,0,0,0,4,0,0,7,10
1161,MATH300,23,0,5,0,1,8,0,0,2,1,0,1,0,1,0,0,0,4,0,0,8,15
1168,MATH300,28,0,3,2,2,7,2,2,2,1,0,2,2,2,0,0,0,0,1,0,17,11
1171,MATH300,28,0,3,1,7,2,1,5,7,2,0,0,0,0,0,0,0,0,0,0,11,17
1178,MATH300,27,0,3,2,1,4,0,0,9,0,0,2,0,3,0,0,0,3,0,0,12,15
1178,MATH300,29,0,4,1,2,7,0,1,5,0,2,1,0,2,0,0,0,4,0,0,15,14
1181,MATH300,31,0,8,2,2,3,2,7,2,0,0,1,0,1,0,0,0,3,0,0,18,13
1188,MATH300,30,0,5,2,3,3,4,2,3,3,1,0,0,0,0,0,0,1,3,0,12,18
1188,MATH300,30,0,5,5,1,4,4,4,3,2,1,0,0,0,0,0,0,1,0,0,17,13
1191,MATH300,35,0,15,0,5,3,0,5,0,0,3,2,0,1,0,0,0,1,0,0,9,26
1158,MATH310,25,0,6,2,1,4,0,1,8,1,0,0,0,0,0,0,0,2,0,0,12,13
1171,MATH310,23,0,5,5,7,4,0,1,1,0,0,0,0,0,0,0,0,0,0,0,12,11
1188,MATH310,25,0,6,8,2,3,2,3,0,0,0,0,0,1,0,0,0,0,0,0,16,9
1151,MATH315,24,0,6,4,1,4,6,3,0,0,0,0,0,0,0,0,0,0,0,0,13,11
1168,MATH315,21,0,2,2,1,3,1,1,4,0,1,1,0,4,0,0,0,1,0,0,13,8
1181,MATH315,28,0,6,3,3,5,1,4,2,1,0,1,0,0,0,0,0,2,0,0,18,10
1148,MATH318,24,0,4,4,1,5,3,1,2,2,0,0,0,2,0,0,0,0,0,0,10,14
1148,MATH318,31,0,7,3,5,5,5,2,0,0,0,0,0,2,0,0,0,1,0,1,12,19
1148,MATH318,31,0,1,0,3,5,1,5,7,2,1,2,1,1,0,0,0,2,0,0,12,19
1151,MATH318,15,0,1,2,2,0,0,2,1,2,0,3,0,2,0,0,0,0,0,0,6,9
1151,MATH318,28,0,2,2,2,1,4,2,5,2,3,0,1,2,0,0,0,0,2,0,10,18
1151,MATH318,28,0,4,2,4,5,1,2,3,2,1,2,0,1,0,0,0,1,0,0,8,20
1155,MATH318,17,0,1,1,0,5,3,1,2,0,1,0,0,1,0,0,0,1,0,1,9,8
1158,MATH318,29,0,2,5,2,7,2,2,4,1,1,0,0,1,0,0,0,2,0,0,10,19
1158,MATH318,26,0,2,0,2,3,3,5,1,3,3,1,1,1,0,0,0,1,0,0,10,16
1158,MATH318,31,0,2,3,1,4,5,5,3,2,2,0,0,1,0,0,0,3,0,0,8,23
1161,MATH318,30,0,4,4,2,3,3,2,3,0,1,2,0,4,0,0,0,1,0,1,9,21
1161,MATH318,32,0,4,5,5,1,5,2,1,5,0,2,0,0,0,0,0,1,0,1,11,21
1165,MATH318,12,0,6,3,2,1,0,0,0,0,0,0,0,0,0,0,0,0,0,0,1,11
1168,MATH318,27,0,3,0,2,1,2,6,3,2,0,3,0,0,0,0,0,5,0,0,11,16
1168,MATH318,27,0,0,0,2,6,3,3,1,1,0,3,0,6,0,0,0,2,0,0,10,17
1168,MATH318,27,0,11,1,1,12,1,0,1,0,0,0,0,0,0,0,0,0,0,0,9,18
1171,MATH318,22,0,3,0,2,3,0,1,1,4,0,3,0,4,0,0,0,1,0,0,7,15
1171,MATH318,26,0,3,0,0,0,2,1,7,4,0,1,0,3,0,0,0,4,1,0,14,12
1171,MATH318,19,0,1,1,1,0,3,1,3,1,1,1,0,3,0,0,0,3,0,0,9,10
1175,MATH318,15,0,2,3,2,1,1,2,1,0,0,0,1,2,0,0,0,0,0,0,4,11
1178,MATH318,30,0,15,0,0,11,0,0,2,0,0,1,0,0,0,0,0,1,0,0,8,22
1178,MATH318,30,0,15,0,0,11,0,0,2,0,0,1,0,0,0,0,0,1,0,0,8,22
1178,MATH318,30,0,12,0,0,8,0,0,4,0,0,2,0,2,0,0,0,2,0,0,10,20
1181,MATH318,24,0,4,1,1,4,3,0,1,1,0,2,0,3,0,0,0,4,0,0,12,12
1181,MATH318,18,0,2,0,1,1,1,1,3,4,0,0,0,2,0,0,0,2,1,0,7,11
1181,MATH318,25,0,12,6,3,1,0,0,1,1,0,0,0,1,0,0,0,0,0,0,12,13
1185,MATH318,16,0,10,2,3,1,0,0,0,0,0,0,0,0,0,0,0,0,0,0,6,10
1188,MATH318,28,0,11,0,3,4,1,2,2,1,1,0,0,0,0,0,0,1,0,2,12,16
1188,MATH318,32,0,12,0,5,3,3,5,1,0,2,0,0,0,0,0,0,1,0,0,12,20
1191,MATH318,22,0,3,1,5,6,2,1,1,2,0,0,0,1,0,0,0,0,0,0,5,17
1191,MATH318,28,0,6,5,2,6,5,1,1,0,0,0,0,1,0,0,0,1,0,0,13,15
1195,MATH318,17,0,1,1,3,3,3,2,2,1,0,0,0,0,0,0,0,0,0,1,9,8
1148,MATH328,10,0,2,2,2,1,1,0,0,0,0,0,0,1,0,0,0,0,0,1,4,6
1168,MATH328,7,0,2,1,0,0,0,1,1,1,0,0,0,0,0,0,0,1,0,0,3,4
1188,MATH328,12,0,6,1,2,0,3,0,0,0,0,0,0,0,0,0,0,0,0,0,2,10
1151,MATH336,21,0,5,5,5,0,3,1,0,0,0,0,0,0,0,0,0,1,1,0,10,11
1158,MATH336,12,0,3,0,1,2,2,2,1,0,0,0,0,0,0,0,0,1,0,0,3,9
1161,MATH336,19,0,9,0,3,1,0,0,2,0,0,2,0,0,0,0,0,1,0,1,8,11
1168,MATH336,12,0,4,2,1,2,3,0,0,0,0,0,0,0,0,0,0,0,0,0,4,8
1171,MATH336,31,0,6,5,2,5,0,4,4,1,2,1,0,1,0,0,0,0,0,0,22,9
1178,MATH336,18,0,2,0,3,5,0,0,2,0,0,0,1,1,0,0,0,4,0,0,7,11
1181,MATH336,21,0,7,0,2,1,0,0,2,3,1,0,1,1,0,0,0,3,0,0,9,12
1181,MATH336,23,0,5,5,2,2,4,0,3,0,1,1,0,0,0,0,0,0,0,0,16,7
1188,MATH336,25,0,4,4,0,4,0,2,4,3,0,0,0,1,0,0,0,3,0,0,14,11
1191,MATH336,25,0,5,1,5,4,1,0,2,1,2,3,0,0,0,0,0,1,0,0,10,15
1191,MATH336,24,0,6,2,2,4,0,2,2,1,1,1,0,1,0,0,0,2,0,0,10,14
1158,MATH337,10,0,0,1,2,3,3,0,0,0,0,0,0,0,0,0,0,1,0,0,3,7
1171,MATH337,16,0,4,0,1,8,0,0,0,0,0,1,0,1,0,0,0,1,0,0,5,11
1188,MATH337,5,0,1,0,0,0,0,1,1,1,0,0,0,0,0,0,0,1,0,0,0,5
1148,MATH340,14,0,3,2,5,0,3,0,0,0,0,0,0,1,0,0,0,0,0,0,3,11
1168,MATH340,9,0,1,0,1,2,1,3,0,0,0,0,0,1,0,0,0,0,0,0,3,6
1151,MATH341,8,0,2,1,3,1,0,0,1,0,0,0,0,0,0,0,0,0,0,0,4,4
1161,MATH341,5,0,0,0,1,2,1,0,0,0,0,1,0,0,0,0,0,0,0,0,2,3
1171,MATH341,5,0,0,1,1,2,0,0,0,0,0,1,0,0,0,0,0,0,0,0,1,4
1181,MATH341,4,0,0,0,0,1,0,1,0,1,0,0,0,0,0,0,0,1,0,0,2,2
1191,MATH341,6,0,3,1,0,0,1,1,0,0,0,0,0,0,0,0,0,0,0,0,3,3
1151,MATH342,8,0,2,0,1,2,2,0,0,1,0,0,0,0,0,0,0,0,0,0,7,1
1161,MATH342,12,0,3,2,0,1,2,2,0,0,0,1,1,0,0,0,0,0,0,0,3,9
1171,MATH342,10,0,3,1,0,3,0,0,2,0,0,0,0,0,0,0,0,1,0,0,4,6
1181,MATH342,8,0,1,2,1,1,0,0,1,0,0,0,0,2,0,0,0,0,0,0,4,4
1148,MATH353,19,0,5,2,3,2,4,1,2,0,0,0,0,0,0,0,0,0,0,0,6,13
1161,MATH353,18,0,3,3,1,2,0,2,2,0,0,1,1,0,0,0,0,0,0,3,7,11
1178,MATH353,8,0,1,2,0,2,1,0,1,0,0,0,0,0,0,0,0,1,0,0,2,6
1191,MATH353,16,0,4,4,1,3,1,0,1,2,0,0,0,0,0,0,0,0,0,0,6,10
1151,MATH354,7,0,1,0,0,1,1,1,1,1,0,0,0,0,0,0,0,1,0,0,2,5
1158,MATH354,9,0,1,1,4,0,1,0,1,0,0,0,0,0,0,0,0,1,0,0,4,5
1171,MATH354,9,0,0,3,2,2,2,0,0,0,0,0,0,0,0,0,0,0,0,0,5,4
1191,MATH354,6,0,0,1,0,1,1,0,2,1,0,0,0,0,0,0,0,0,0,0,1,5
1151,MATH360,19,0,7,1,4,2,1,1,0,2,0,0,0,0,0,0,0,1,0,0,6,13
1168,MATH360,11,0,6,1,0,3,0,0,1,0,0,0,0,0,0,0,0,0,0,0,4,7
1181,MATH360,22,0,7,5,4,1,4,0,0,1,0,0,0,0,0,0,0,0,0,0,9,13
1161,MATH367,15,0,1,3,1,3,3,0,0,0,0,0,0,1,0,0,0,2,0,1,6,9
1171,MATH367,17,0,2,4,2,1,4,0,0,0,0,0,0,2,0,0,0,1,0,1,4,13
1191,MATH367,13,0,10,3,0,0,0,0,0,0,0,0,0,0,0,0,0,0,0,0,7,6
1148,MATH410,21,0,2,2,3,2,0,3,5,0,0,0,0,0,0,0,0,2,0,2,11,10
1148,MATH410,15,0,1,1,1,2,1,1,3,0,0,2,0,0,0,0,0,2,0,1,6,9
1151,MATH410,29,0,3,4,0,3,1,0,4,3,2,2,3,1,0,0,0,2,1,0,15,14
1158,MATH410,1,0,0,0,0,0,0,0,0,0,0,1,0,0,0,0,0,0,0,0,1,0
1158,MATH410,27,0,4,3,1,3,3,2,2,2,0,1,1,2,0,0,0,3,0,0,8,19
1158,MATH410,25,0,2,0,0,3,3,7,1,5,0,2,0,0,0,0,0,1,1,0,11,14
1161,MATH410,26,0,4,6,2,3,5,1,4,1,0,0,0,0,0,0,0,0,0,0,8,18
1168,MATH410,23,0,7,1,4,4,1,3,2,0,0,0,0,0,0,0,0,1,0,0,12,11
1168,MATH410,21,0,5,3,2,3,3,1,2,1,0,1,0,0,0,0,0,0,0,0,9,12
1171,MATH410,27,0,1,2,1,4,0,1,0,6,0,3,0,5,0,0,0,4,0,0,11,16
1178,MATH410,23,0,11,6,2,1,2,0,1,0,0,0,0,0,0,0,0,0,0,0,13,10
1178,MATH410,22,0,8,5,1,2,3,0,0,0,1,0,0,0,0,0,0,2,0,0,7,15
1181,MATH410,24,0,0,0,2,4,4,1,1,3,0,3,0,2,0,0,0,3,1,0,7,17
1188,MATH410,20,0,4,0,0,2,1,0,2,2,0,2,0,1,0,0,0,6,0,0,8,12
1188,MATH410,12,0,1,0,1,2,0,2,2,0,0,1,0,2,0,0,0,1,0,0,4,8
1191,MATH410,23,0,8,2,2,2,3,4,1,1,0,0,0,0,0,0,0,0,0,0,8,15
1191,MATH410,24,0,8,4,3,1,1,3,3,0,0,0,0,0,0,0,0,1,0,0,19,5
1151,MATH411,14,0,5,0,0,5,0,0,4,0,0,0,0,0,0,0,0,0,0,0,4,10
1151,MATH411,1,0,0,0,0,0,0,0,0,0,0,0,0,1,0,0,0,0,0,0,0,1
1161,MATH411,11,0,2,1,0,3,2,0,0,1,0,0,1,1,0,0,0,0,0,0,1,10
1171,MATH411,15,0,2,8,3,2,0,0,0,0,0,0,0,0,0,0,0,0,0,0,4,11
1171,MATH411,15,0,3,4,4,1,1,1,0,0,0,1,0,0,0,0,0,0,0,0,6,9
1181,MATH411,12,0,6,2,0,0,1,2,1,0,0,0,0,0,0,0,0,0,0,0,4,8
1191,MATH411,7,0,2,0,0,2,1,1,1,0,0,0,0,0,0,0,0,0,0,0,2,5
1151,MATH415,24,0,4,1,1,4,0,0,10,2,0,0,0,1,0,0,0,1,0,0,13,11
1161,MATH415,26,0,8,6,4,7,0,0,0,0,0,0,0,1,0,0,0,0,0,0,12,14
1171,MATH415,22,0,13,2,4,1,0,0,0,0,0,0,0,2,0,0,0,0,0,0,13,9
1181,MATH415,27,0,5,11,4,4,2,0,0,0,0,0,0,0,0,0,0,1,0,0,16,11
1191,MATH415,24,0,5,0,0,1,0,0,8,0,0,2,0,4,1,0,0,3,0,0,15,9
1151,MATH423,11,0,0,0,3,4,0,2,1,1,0,0,0,0,0,0,0,0,0,0,2,9
1191,MATH423,12,0,2,1,1,1,1,0,5,1,0,0,0,0,0,0,0,0,0,0,1,11
1161,MATH424,9,0,4,0,0,2,0,0,2,0,0,0,0,0,0,0,0,1,0,0,1,8
1171,MATH424,19,0,10,0,0,9,0,0,0,0,0,0,0,0,0,0,0,0,0,0,5,14
1181,MATH424,20,0,9,3,5,3,0,0,0,0,0,0,0,0,0,0,0,0,0,0,6,14
1191,MATH425E,6,0,1,1,0,2,2,0,0,0,0,0,0,0,0,0,0,0,0,0,4,2
1148,MATH426,12,0,1,1,4,2,1,1,1,1,0,0,0,0,0,0,0,0,0,0,6,6
1158,MATH426,20,0,2,7,1,4,3,0,1,1,1,0,0,0,0,0,0,0,0,0,6,14
1168,MATH426,21,0,2,2,2,1,2,4,1,2,2,0,0,0,0,0,0,0,3,0,9,12
1178,MATH426,30,0,5,0,2,3,5,5,4,3,1,1,0,0,0,0,0,1,0,0,6,24
1188,MATH426,24,0,2,5,3,3,0,3,2,4,0,0,0,0,0,0,0,1,0,1,7,17
1151,MATH427,9,0,2,2,1,3,0,0,0,0,0,0,0,1,0,0,0,0,0,0,5,4
1151,MATH427,9,0,2,2,1,3,0,0,0,0,0,0,0,1,0,0,0,0,0,0,5,4
1151,MATH427,9,0,2,2,1,3,0,0,0,0,0,0,0,1,0,0,0,0,0,0,5,4
1161,MATH427,13,0,1,2,0,1,3,3,3,0,0,0,0,0,0,0,0,0,0,0,4,9
1171,MATH427,8,0,1,0,2,2,2,0,1,0,0,0,0,0,0,0,0,0,0,0,2,6
1181,MATH427,8,0,1,2,0,1,0,0,1,0,0,1,0,0,0,0,0,1,1,0,1,7
1191,MATH427,10,0,1,1,1,3,0,1,3,0,0,0,0,0,0,0,0,0,0,0,2,8
1161,MATH428,5,0,1,1,1,0,0,0,0,1,0,0,0,1,0,0,0,0,0,0,3,2
1171,MATH428,4,0,1,1,1,1,0,0,0,0,0,0,0,0,0,0,0,0,0,0,2,2
1181,MATH428,7,0,4,1,1,0,1,0,0,0,0,0,0,0,0,0,0,0,0,0,4,3
1191,MATH428,20,0,3,7,1,4,1,2,0,0,0,1,0,1,0,0,0,0,0,0,6,14
1191,MATH428,1,0,1,0,0,0,0,0,0,0,0,0,0,0,0,0,0,0,0,0,1,0
1148,MATH430,26,0,4,0,0,11,1,1,8,0,1,0,0,0,0,0,0,0,0,0,4,22
1151,MATH430,27,0,1,2,3,3,3,4,3,3,3,0,0,0,0,0,0,2,0,0,10,17
1151,MATH430,1,0,1,0,0,0,0,0,0,0,0,0,0,0,0,0,0,0,0,0,0,1
1158,MATH430,21,0,1,4,3,5,2,1,2,0,1,1,0,1,0,0,0,0,0,0,7,14
1161,MATH430,22,0,3,1,1,1,1,1,6,0,0,2,2,1,0,0,0,2,0,1,8,14
1161,MATH430,13,0,3,0,0,1,2,2,3,2,0,0,0,0,0,0,0,0,0,0,7,6
1168,MATH430,21,0,4,0,3,2,0,1,4,1,0,0,0,2,0,0,0,2,0,2,7,14
1171,MATH430,20,0,4,3,1,1,1,4,0,2,0,0,1,2,0,0,0,0,1,0,6,14
1171,MATH430,16,0,0,1,1,0,2,2,4,3,0,0,0,0,0,0,0,1,2,0,6,10
1178,MATH430,20,0,2,0,4,1,2,1,1,1,1,3,2,2,0,0,0,0,0,0,8,12
1178,MATH430,17,0,5,1,2,1,0,1,0,1,0,2,0,2,0,0,0,1,1,0,6,11
1181,MATH430,13,0,2,0,0,2,2,0,3,1,0,2,0,0,0,0,0,0,1,0,6,7
1181,MATH430,18,0,4,1,0,3,0,0,5,1,0,0,0,2,0,0,0,1,1,0,8,10
1188,MATH430,19,0,6,0,1,4,0,0,2,1,0,4,0,1,0,0,0,0,0,0,7,12
1188,MATH430,20,0,3,0,0,4,0,0,7,0,0,2,0,3,0,0,0,1,0,0,11,9
1191,MATH430,29,0,5,1,0,2,0,8,2,0,1,4,4,1,0,0,0,1,0,0,11,18
1151,MATH431,16,0,2,0,1,7,0,3,3,0,0,0,0,0,0,0,0,0,0,0,4,12
1161,MATH431,13,0,5,0,1,1,1,1,3,0,0,1,0,0,0,0,0,0,0,0,6,7
1171,MATH431,5,0,5,0,0,0,0,0,0,0,0,0,0,0,0,0,0,0,0,0,0,5
1181,MATH431,15,0,12,0,3,0,0,0,0,0,0,0,0,0,0,0,0,0,0,0,7,8
1191,MATH431,13,0,7,0,1,1,0,0,1,0,0,1,0,0,0,0,0,1,1,0,8,5
1148,MATH433E,17,0,1,3,1,2,0,1,2,0,1,1,0,3,0,0,0,2,0,0,13,4
1158,MATH433E,7,0,0,0,1,1,0,1,1,0,1,1,0,0,0,0,0,0,1,0,6,1
1168,MATH433E,8,0,1,0,0,1,0,2,1,3,0,0,0,0,0,0,0,0,0,0,6,2
1151,MATH434,18,0,3,0,0,5,0,1,3,0,0,1,0,1,0,0,0,4,0,0,8,10
1161,MATH434,20,0,11,1,4,3,0,1,0,0,0,0,0,0,0,0,0,0,0,0,7,13
1171,MATH434,10,0,2,2,0,1,0,3,0,0,0,1,0,1,0,0,0,0,0,0,6,4
1181,MATH434,19,0,3,1,1,4,0,1,3,0,1,1,0,0,0,0,0,4,0,0,6,13
1191,MATH434,13,0,2,1,2,0,1,0,1,2,1,2,0,0,0,0,0,1,0,0,5,8
1158,MATH435,16,0,7,1,2,1,1,1,0,0,0,0,0,0,0,0,0,3,0,0,6,10
1168,MATH435,12,0,1,4,0,0,1,0,0,2,1,2,0,1,0,0,0,0,0,0,2,10
1178,MATH435,13,0,6,0,1,3,0,0,1,1,0,1,0,0,0,0,0,0,0,0,4,9
1188,MATH435,13,0,2,2,1,4,1,2,0,0,1,0,0,0,0,0,0,0,0,0,4,9
1148,MATH440,26,0,4,3,3,6,4,1,2,1,0,0,0,0,0,0,0,2,0,0,5,21
1158,MATH440,20,0,4,3,3,2,2,3,2,1,0,0,0,0,0,0,0,0,0,0,3,17
1168,MATH440,27,0,4,3,4,0,3,4,4,0,2,0,0,2,0,0,0,1,0,0,4,23
1178,MATH440,26,0,7,4,6,5,2,1,0,0,0,0,0,0,0,0,0,0,1,0,8,18
1188,MATH440,9,0,4,1,0,1,0,0,1,0,0,1,0,1,0,0,0,0,0,0,4,5
1151,MATH441,8,0,3,1,1,1,0,0,1,0,0,0,0,0,0,0,0,1,0,0,2,6
1161,MATH441,7,0,1,1,2,1,0,0,0,0,2,0,0,0,0,0,0,0,0,0,2,5
1171,MATH441,13,0,0,1,1,1,2,1,1,2,0,1,0,3,0,0,0,0,0,0,2,11
1181,MATH441,12,0,3,0,0,3,1,0,5,0,0,0,0,0,0,0,0,0,0,0,4,8
1191,MATH441,9,0,1,0,2,3,1,0,0,0,1,0,0,0,0,0,0,0,1,0,6,3
1148,MATH448,12,0,10,0,2,0,0,0,0,0,0,0,0,0,0,0,0,0,0,0,1,11
1161,MATH448,10,0,3,1,1,0,0,0,2,2,0,0,0,0,0,0,0,1,0,0,3,7
1178,MATH448,16,0,8,0,4,2,0,0,0,0,0,0,0,0,0,0,0,2,0,0,5,11
1191,MATH448,9,0,4,0,0,3,0,0,0,0,0,0,0,0,1,0,0,1,0,0,2,7
1151,MATH449,9,0,7,0,0,0,0,0,2,0,0,0,0,0,0,0,0,0,0,0,1,8
1168,MATH449,10,0,1,1,2,1,2,0,0,1,0,0,0,0,0,0,0,2,0,0,1,9
1181,MATH449,13,0,9,1,2,0,0,1,0,0,0,0,0,0,0,0,0,0,0,0,4,9
1151,MATH470,13,0,2,2,1,4,1,0,3,0,0,0,0,0,0,0,0,0,0,0,10,3
1161,MATH470,13,0,9,1,0,2,0,0,0,0,0,0,0,0,0,0,0,1,0,0,10,3
1171,MATH470,13,0,8,1,2,0,1,0,0,0,0,0,0,0,0,0,0,1,0,0,9,4
1181,MATH470,9,0,0,1,2,1,1,1,2,0,0,0,0,1,0,0,0,0,0,0,5,4
1188,MATH470,1,0,0,0,0,0,0,0,0,0,0,0,0,0,0,0,0,0,1,0,1,0
1191,MATH470,12,0,10,0,1,1,0,0,0,0,0,0,0,0,0,0,0,0,0,0,8,4
1148,MATH475,24,0,4,0,4,4,5,2,2,0,1,0,0,0,0,0,0,2,0,0,15,9
1158,MATH475,23,0,12,1,1,6,2,0,1,0,0,0,0,0,0,0,0,0,0,0,16,7
1168,MATH475,20,0,3,6,5,5,0,0,1,0,0,0,0,0,0,0,0,0,0,0,11,9
1178,MATH475,15,0,4,0,0,3,0,1,3,0,1,1,0,1,0,0,0,1,0,0,10,5
1188,MATH475,23,0,7,8,2,3,1,0,0,0,0,0,0,1,0,0,0,0,0,1,14,9
1148,MATH485,1,0,1,0,0,0,0,0,0,0,0,0,0,0,0,0,0,0,0,0,0,1
1148,MATH485,9,0,9,0,0,0,0,0,0,0,0,0,0,0,0,0,0,0,0,0,3,6
1151,MATH485,2,0,2,0,0,0,0,0,0,0,0,0,0,0,0,0,0,0,0,0,1,1
1151,MATH485,1,0,0,1,0,0,0,0,0,0,0,0,0,0,0,0,0,0,0,0,0,1
1151,MATH485,1,0,0,1,0,0,0,0,0,0,0,0,0,0,0,0,0,0,0,0,0,1
1158,MATH485,6,0,4,0,1,0,1,0,0,0,0,0,0,0,0,0,0,0,0,0,0,6
1158,MATH485,10,0,8,0,0,2,0,0,0,0,0,0,0,0,0,0,0,0,0,0,1,9
1158,MATH485,7,0,7,0,0,0,0,0,0,0,0,0,0,0,0,0,0,0,0,0,1,6
1158,MATH485,1,0,1,0,0,0,0,0,0,0,0,0,0,0,0,0,0,0,0,0,1,0
1161,MATH485,4,0,0,0,0,2,0,1,0,0,0,0,0,0,0,0,0,1,0,0,1,3
1161,MATH485,7,0,2,0,3,0,0,1,0,0,0,0,0,0,0,0,0,1,0,0,2,5
1161,MATH485,2,0,2,0,0,0,0,0,0,0,0,0,0,0,0,0,0,0,0,0,2,0
1161,MATH485,5,0,5,0,0,0,0,0,0,0,0,0,0,0,0,0,0,0,0,0,2,3
1171,MATH485,6,0,2,0,0,3,0,0,0,0,0,0,0,1,0,0,0,0,0,0,1,5
1171,MATH485,8,0,3,1,1,1,2,0,0,0,0,0,0,0,0,0,0,0,0,0,4,4
1171,MATH485,4,0,4,0,0,0,0,0,0,0,0,0,0,0,0,0,0,0,0,0,0,4
1178,MATH485,22,0,15,0,0,5,0,0,1,1,0,0,0,0,0,0,0,0,0,0,13,9
1188,MATH485,5,0,3,0,0,0,0,0,1,0,0,0,0,0,0,0,0,1,0,0,0,5
1188,MATH485,5,0,3,0,0,0,0,0,1,0,0,0,0,0,0,0,0,1,0,0,0,5
1188,MATH485,9,0,5,2,0,1,0,1,0,0,0,0,0,0,0,0,0,0,0,0,3,6
1168,MATH486,2,0,2,0,0,0,0,0,0,0,0,0,0,0,0,0,0,0,0,0,1,1
1168,MATH486,1,0,1,0,0,0,0,0,0,0,0,0,0,0,0,0,0,0,0,0,0,1
1168,MATH486,1,0,1,0,0,0,0,0,0,0,0,0,0,0,0,0,0,0,0,0,0,1
1171,MATH486,1,0,1,0,0,0,0,0,0,0,0,0,0,0,0,0,0,0,0,0,0,1
1171,MATH486,1,0,1,0,0,0,0,0,0,0,0,0,0,0,0,0,0,0,0,0,1,0
1171,MATH486,1,0,1,0,0,0,0,0,0,0,0,0,0,0,0,0,0,0,0,0,1,0
1178,MATH486,1,0,0,1,0,0,0,0,0,0,0,0,0,0,0,0,0,0,0,0,1,0
1181,MATH486,2,0,2,0,0,0,0,0,0,0,0,0,0,0,0,0,0,0,0,0,1,1
1181,MATH486,1,0,0,0,1,0,0,0,0,0,0,0,0,0,0,0,0,0,0,0,1,0
1148,MATH497,1,0,1,0,0,0,0,0,0,0,0,0,0,0,0,0,0,0,0,0,0,1
1148,MATH497,1,0,1,0,0,0,0,0,0,0,0,0,0,0,0,0,0,0,0,0,0,1
1148,MATH497,1,0,1,0,0,0,0,0,0,0,0,0,0,0,0,0,0,0,0,0,0,1
1148,MATH497,1,0,1,0,0,0,0,0,0,0,0,0,0,0,0,0,0,0,0,0,1,0
1151,MATH497,1,0,1,0,0,0,0,0,0,0,0,0,0,0,0,0,0,0,0,0,0,1
1151,MATH497,1,0,1,0,0,0,0,0,0,0,0,0,0,0,0,0,0,0,0,0,0,1
1151,MATH497,1,0,1,0,0,0,0,0,0,0,0,0,0,0,0,0,0,0,0,0,0,1
1151,MATH497,1,0,1,0,0,0,0,0,0,0,0,0,0,0,0,0,0,0,0,0,0,1
1151,MATH497,1,0,1,0,0,0,0,0,0,0,0,0,0,0,0,0,0,0,0,0,1,0
1151,MATH497,1,0,1,0,0,0,0,0,0,0,0,0,0,0,0,0,0,0,0,0,0,1
1155,MATH497,1,0,1,0,0,0,0,0,0,0,0,0,0,0,0,0,0,0,0,0,0,1
1155,MATH497,1,0,1,0,0,0,0,0,0,0,0,0,0,0,0,0,0,0,0,0,1,0
1155,MATH497,1,0,1,0,0,0,0,0,0,0,0,0,0,0,0,0,0,0,0,0,0,1
1155,MATH497,1,0,0,0,0,1,0,0,0,0,0,0,0,0,0,0,0,0,0,0,0,1
1155,MATH497,2,0,2,0,0,0,0,0,0,0,0,0,0,0,0,0,0,0,0,0,2,0
1158,MATH497,1,0,1,0,0,0,0,0,0,0,0,0,0,0,0,0,0,0,0,0,0,1
1158,MATH497,1,0,1,0,0,0,0,0,0,0,0,0,0,0,0,0,0,0,0,0,0,1
1158,MATH497,1,0,1,0,0,0,0,0,0,0,0,0,0,0,0,0,0,0,0,0,0,1
1158,MATH497,1,0,1,0,0,0,0,0,0,0,0,0,0,0,0,0,0,0,0,0,0,1
1158,MATH497,1,0,1,0,0,0,0,0,0,0,0,0,0,0,0,0,0,0,0,0,1,0
1158,MATH497,2,0,2,0,0,0,0,0,0,0,0,0,0,0,0,0,0,0,0,0,2,0
1161,MATH497,1,0,1,0,0,0,0,0,0,0,0,0,0,0,0,0,0,0,0,0,0,1
1161,MATH497,1,0,1,0,0,0,0,0,0,0,0,0,0,0,0,0,0,0,0,0,0,1
1161,MATH497,1,0,1,0,0,0,0,0,0,0,0,0,0,0,0,0,0,0,0,0,0,1
1161,MATH497,2,0,2,0,0,0,0,0,0,0,0,0,0,0,0,0,0,0,0,0,2,0
1161,MATH497,3,0,3,0,0,0,0,0,0,0,0,0,0,0,0,0,0,0,0,0,2,1
1161,MATH497,2,0,2,0,0,0,0,0,0,0,0,0,0,0,0,0,0,0,0,0,0,2
1161,MATH497,1,0,1,0,0,0,0,0,0,0,0,0,0,0,0,0,0,0,0,0,1,0
1161,MATH497,7,0,7,0,0,0,0,0,0,0,0,0,0,0,0,0,0,0,0,0,0,7
1161,MATH497,8,0,8,0,0,0,0,0,0,0,0,0,0,0,0,0,0,0,0,0,0,8
1161,MATH497,2,0,2,0,0,0,0,0,0,0,0,0,0,0,0,0,0,0,0,0,2,0
1161,MATH497,1,0,1,0,0,0,0,0,0,0,0,0,0,0,0,0,0,0,0,0,0,1
1168,MATH497,1,0,1,0,0,0,0,0,0,0,0,0,0,0,0,0,0,0,0,0,0,1
1168,MATH497,4,0,4,0,0,0,0,0,0,0,0,0,0,0,0,0,0,0,0,0,0,4
1168,MATH497,1,0,1,0,0,0,0,0,0,0,0,0,0,0,0,0,0,0,0,0,0,1
1171,MATH497,1,0,1,0,0,0,0,0,0,0,0,0,0,0,0,0,0,0,0,0,1,0
1171,MATH497,1,0,1,0,0,0,0,0,0,0,0,0,0,0,0,0,0,0,0,0,0,1
1171,MATH497,1,0,1,0,0,0,0,0,0,0,0,0,0,0,0,0,0,0,0,0,0,1
1178,MATH497,1,0,1,0,0,0,0,0,0,0,0,0,0,0,0,0,0,0,0,0,0,1
1178,MATH497,2,0,1,1,0,0,0,0,0,0,0,0,0,0,0,0,0,0,0,0,0,2
1178,MATH497,1,0,1,0,0,0,0,0,0,0,0,0,0,0,0,0,0,0,0,0,0,1
1178,MATH497,1,0,1,0,0,0,0,0,0,0,0,0,0,0,0,0,0,0,0,0,0,1
1178,MATH497,1,0,1,0,0,0,0,0,0,0,0,0,0,0,0,0,0,0,0,0,0,1
1178,MATH497,1,0,1,0,0,0,0,0,0,0,0,0,0,0,0,0,0,0,0,0,0,1
1178,MATH497,1,0,1,0,0,0,0,0,0,0,0,0,0,0,0,0,0,0,0,0,0,1
1178,MATH497,1,0,1,0,0,0,0,0,0,0,0,0,0,0,0,0,0,0,0,0,1,0
1181,MATH497,1,0,0,1,0,0,0,0,0,0,0,0,0,0,0,0,0,0,0,0,1,0
1181,MATH497,1,0,0,0,0,0,0,0,0,0,0,0,0,0,0,0,0,0,0,1,1,0
1181,MATH497,1,0,1,0,0,0,0,0,0,0,0,0,0,0,0,0,0,0,0,0,1,0
1188,MATH497,1,0,1,0,0,0,0,0,0,0,0,0,0,0,0,0,0,0,0,0,1,0
1188,MATH497,1,0,1,0,0,0,0,0,0,0,0,0,0,0,0,0,0,0,0,0,1,0
1188,MATH497,1,0,1,0,0,0,0,0,0,0,0,0,0,0,0,0,0,0,0,0,0,1
1188,MATH497,1,0,1,0,0,0,0,0,0,0,0,0,0,0,0,0,0,0,0,0,0,1
1188,MATH497,1,0,1,0,0,0,0,0,0,0,0,0,0,0,0,0,0,0,0,0,0,1
1188,MATH497,1,0,1,0,0,0,0,0,0,0,0,0,0,0,0,0,0,0,0,0,0,1
1188,MATH497,1,0,1,0,0,0,0,0,0,0,0,0,0,0,0,0,0,0,0,0,1,0
1191,MATH497,1,0,1,0,0,0,0,0,0,0,0,0,0,0,0,0,0,0,0,0,0,1
1191,MATH497,1,0,1,0,0,0,0,0,0,0,0,0,0,0,0,0,0,0,0,0,0,1
1191,MATH497,1,0,1,0,0,0,0,0,0,0,0,0,0,0,0,0,0,0,0,0,1,0
1191,MATH497,1,0,1,0,0,0,0,0,0,0,0,0,0,0,0,0,0,0,0,0,1,0
1191,MATH497,1,0,1,0,0,0,0,0,0,0,0,0,0,0,0,0,0,0,0,0,0,1
1191,MATH497,1,0,1,0,0,0,0,0,0,0,0,0,0,0,0,0,0,0,0,0,0,1
1191,MATH497,1,0,1,0,0,0,0,0,0,0,0,0,0,0,0,0,0,0,0,0,0,1
1148,MATH499A,1,0,1,0,0,0,0,0,0,0,0,0,0,0,0,0,0,0,0,0,1,0
1151,MATH499A,1,0,1,0,0,0,0,0,0,0,0,0,0,0,0,0,0,0,0,0,0,1
1151,MATH499A,1,0,1,0,0,0,0,0,0,0,0,0,0,0,0,0,0,0,0,0,1,0
1161,MATH499A,1,0,1,0,0,0,0,0,0,0,0,0,0,0,0,0,0,0,0,0,0,1
1171,MATH499A,1,0,1,0,0,0,0,0,0,0,0,0,0,0,0,0,0,0,0,0,1,0
1171,MATH499A,1,0,1,0,0,0,0,0,0,0,0,0,0,0,0,0,0,0,0,0,0,1
1171,MATH499A,1,0,1,0,0,0,0,0,0,0,0,0,0,0,0,0,0,0,0,0,0,1
1181,MATH499A,1,0,1,0,0,0,0,0,0,0,0,0,0,0,0,0,0,0,0,0,1,0
1191,MATH499A,1,0,1,0,0,0,0,0,0,0,0,0,0,0,0,0,0,0,0,0,1,0
1148,MATH499B,1,0,1,0,0,0,0,0,0,0,0,0,0,0,0,0,0,0,0,0,0,1
1148,MATH499B,1,0,1,0,0,0,0,0,0,0,0,0,0,0,0,0,0,0,0,0,1,0
1148,MATH499B,1,0,1,0,0,0,0,0,0,0,0,0,0,0,0,0,0,0,0,0,1,0
1151,MATH499B,1,0,1,0,0,0,0,0,0,0,0,0,0,0,0,0,0,0,0,0,1,0
1158,MATH499B,1,0,1,0,0,0,0,0,0,0,0,0,0,0,0,0,0,0,0,0,0,1
1158,MATH499B,1,0,1,0,0,0,0,0,0,0,0,0,0,0,0,0,0,0,0,0,1,0
1168,MATH499B,1,0,1,0,0,0,0,0,0,0,0,0,0,0,0,0,0,0,0,0,0,1
1178,MATH499B,1,0,1,0,0,0,0,0,0,0,0,0,0,0,0,0,0,0,0,0,0,1
1178,MATH499B,1,0,0,0,0,1,0,0,0,0,0,0,0,0,0,0,0,0,0,0,0,1
1188,MATH499B,1,0,1,0,0,0,0,0,0,0,0,0,0,0,0,0,0,0,0,0,1,0
1148,MATH499C,1,0,1,0,0,0,0,0,0,0,0,0,0,0,0,0,0,0,0,0,1,0
1151,MATH499C,1,0,1,0,0,0,0,0,0,0,0,0,0,0,0,0,0,0,0,0,0,1
1151,MATH499C,1,0,1,0,0,0,0,0,0,0,0,0,0,0,0,0,0,0,0,0,1,0
1158,MATH499C,1,0,1,0,0,0,0,0,0,0,0,0,0,0,0,0,0,0,0,0,1,0
1161,MATH499C,1,0,1,0,0,0,0,0,0,0,0,0,0,0,0,0,0,0,0,0,0,1
1161,MATH499C,1,0,1,0,0,0,0,0,0,0,0,0,0,0,0,0,0,0,0,0,1,0
1171,MATH499C,1,0,1,0,0,0,0,0,0,0,0,0,0,0,0,0,0,0,0,0,0,1
1181,MATH499C,1,0,1,0,0,0,0,0,0,0,0,0,0,0,0,0,0,0,0,0,0,1
1191,MATH499C,1,0,1,0,0,0,0,0,0,0,0,0,0,0,0,0,0,0,0,0,1,0
